RESULTADOS DEL ALGORITMO ASO PARA 41 SENSORES CONSIDERANDO LAS MEDIDAS DE CENTRALIDAD DE LOS NODOS DE LA RDA DE CORO;;;;;;;;;;;;;;;;;;;;;;;;;;;;;;;;;;;;;;;;;;;;;
;;;;;;;;;;;;;;;;;;;;;;;;;;;;;;;;;;;;;;;;;;Average;Contaminated;Detection;Sensor
Agent;Sensor1;Sensor2;Sensor3;Sensor4;Sensor5;Sensor6;Sensor7;Sensor8;Sensor9;Sensor10;Sensor11;Sensor12;Sensor13;Sensor14;Sensor15;Sensor16;Sensor17;Sensor18;Sensor19;Sensor20;Sensor21;Sensor22;Sensor23;Sensor24;Sensor25;Sensor26;Sensor27;Sensor28;Sensor29;Sensor30;Sensor31;Sensor32;Sensor33;Sensor34;Sensor35;Sensor36;Sensor37;Sensor38;Sensor39;Sensor40;Sensor41;Detection Time;Water;Failure;Amount
;;;;;;;;;;;;;;;;;;;;;;;;;;;;;;;;;;;;;;;;;;;Consumption;;
betweenness;n656;n1237;n2458;n2467;n2450;n2493;n1290;n104;n944;n149;n1878;839;n2256;n95;n643;n36;n330;n964;n48;n186;n633;n1068;n2461;n1091;n1720;n2444;n1650;n584;n190;514;n851;n1493;n197;n1357;n2427;n167;n59;n2271;n816;n1168;n2165;5245,1714;3251,9153;1744;41
pagerank;n656;n2116;n2458;n2467;n978;713;427;n1402;n353;n733;832;879;n2181;n456;n1922;n2496;n424;559;911;n186;683;n3831;n2460;n1096;897;n2442;n1640;22;n1393;541;n4217;n1542;n1362;n1357;616;n2156;1034;n2471;n804;325;n2183;4162,928;3013,5277;1899;41
eigenvector;n662;n1242;n2458;28;n2023;n1871;427;n216;n936;n159;949;886;n2256;n234;n1933;n1617;n417;71;916;n186;n1618;457;n2461;n1096;n1738;n2444;727;n1927;n1383;n77;n851;n1519;n1340;452;n2420;n2046;n1769;30;n782;n1155;n2165;4731,153;3341,1804;1794;41
