RESULTADOS DEL ALGORITMO ASO PARA 20 SENSORES CONSIDERANDO LAS MEDIDAS DE CENTRALIDAD DE LOS NODOS DE LA RDA DE CORO;;;;;;;;;;;;;;;;;;;;;;;;
;;;;;;;;;;;;;;;;;;;;;Average;Contaminated;Detection;Sensor
Agent;Sensor1;Sensor2;Sensor3;Sensor4;Sensor5;Sensor6;Sensor7;Sensor8;Sensor9;Sensor10;Sensor11;Sensor12;Sensor13;Sensor14;Sensor15;Sensor16;Sensor17;Sensor18;Sensor19;Sensor20;Detection Time;Water;Failure;Amount
;;;;;;;;;;;;;;;;;;;;;;Consumption;;
betweenness;n1058;n2453;n2461;n241;n2450;n629;n648;n2046;n32;581;n633;n1654;n686;n339;775;n1878;514;n149;n190;n2024;3205,5037;4723,0396;2196;20
pagerank;n1096;n3831;325;n456;22;n4217;n1922;n804;713;n2156;683;666;559;n424;n1738;897;n353;n393;n1362;n913;2979,1277;4924,917;2258;20
eigenvector;n2011;457;n2461;n18;n2023;n1580;n918;n2046;n1992;n159;n1616;n2000;86;n343;949;n50;n656;n934;n2466;n2484;3287,1235;4480,5986;2146;20
